Буклеты:,,
КВАРТИРЫ С РЕМОНТОМ,https://drive.google.com/file/d/1Bpn7YCHAM6Yv8EEPr3zoyIxfpqo1jozs/view,
Левобережье,"5 литер https://disk.yandex.ru/i/z1Z8oKtVWZEuAQ
4 литер https://disk.yandex.ru/i/mHGOaSv5O5lOow
2 литер https://disk.yandex.ru/i/n7atvVUHlOxpHw",
Smartpolet,"3 кластер https://disk.yandex.ru/i/nKhgr6CU4uXVDw
1 кластер https://disk.yandex.ru/i/0rOxJhosC24lkw",
Сияние,24/1 литер https://disk.yandex.ru/i/LqDlJ3HcLEOIgg,
,15 кластер https://drive.google.com/file/d/165mPUp6GMRXaxVp2eDrzXuG4xGB_RwfE/view,
Движение61,"69 кластер https://disk.yandex.ru/i/ISLH_72gJZewEQ
78 кластер https://drive.google.com/file/d/16W3YJbydNXbmV3O7JdlOzZw22dvEJgKN/view",
Эстет,"49 кластер https://drive.google.com/file/d/1qhicmvcPaSMmFTVB5zq5tVIW_y5cB15H/view
48 кластер https://drive.google.com/file/d/1_XENCwjwht6nEn7rnkRLAq8igUX5dDuO/view
47 кластер https://disk.yandex.ru/i/4Wjt6JlszdSSUg
46 кластер https://drive.google.com/file/d/15vRMwHMcsseX2CvksGGiAc0P6_KyYREZ/view
45 кластер https://disk.yandex.ru/i/AVuGEE5XZvAsZQ",
Мобильные буклеты:,,
Левобережье,-,
Smartpolet,-,
Сияние,-,
,-,
Движение61,-,
Эстет,"49 кластер https://drive.google.com/file/d/1qhicmvcPaSMmFTVB5zq5tVIW_y5cB15H/view
48 кластер https://drive.google.com/file/d/1_XENCwjwht6nEn7rnkRLAq8igUX5dDuO/view
47 кластер https://disk.yandex.ru/i/4Wjt6JlszdSSUg
46 кластер https://drive.google.com/file/d/15vRMwHMcsseX2CvksGGiAc0P6_KyYREZ/view
45 кластер https://disk.yandex.ru/i/AVuGEE5XZvAsZQ",
Генпланы А3:,,
Левобережье,https://disk.yandex.ru/i/zu12tWOFwyu_Mw,
Smartpolet,https://disk.yandex.ru/i/QtUeFN4M-NFk9A,
Сияние,https://disk.yandex.ru/i/LeRHb3jOl-g0lA,
Движение61,https://disk.yandex.ru/i/_pcwY_jbczAGlA,
Эстет,https://disk.yandex.ru/i/JakqmTe-vvAFCQ,
Новый Ростов,https://disk.yandex.ru/d/zdAAlZI8hQ1aLA,
ПДФ Рендеры А3:,,
Сияние,"24/1 литер https://disk.yandex.ru/i/9CEClF3YTK5c1g
15 кластер https://disk.yandex.ru/d/MQ8vm7xbc45YZw",
Движение61,"69 кластер https://disk.yandex.ru/i/ThTLrVRHqSO4pg
78 кластер",
Эстет,"49 кластер https://disk.yandex.ru/i/OV3vrwSps06bTw
48 кластер https://disk.yandex.ru/i/BAIfYyNIk9zFLA
47 кластер https://disk.yandex.ru/i/j8xsEwfPiTlUWw
46 кластер https://disk.yandex.ru/d/-Gp6J-LvWDiS2A
45 кластер https://disk.yandex.ru/i/QRqVqlW0-Nrw7Q",
Планировки:,,
Левобережье,"5 литер https://drive.google.com/drive/folders/1qRePj54uMJmXfdmH9z7Iy8ZEHIRYoDmU
4 литер https://drive.google.com/drive/folders/1wxeOOpS-F91deVGl5cI-cu43ALVFjJn8
2 литер https://drive.google.com/drive/folders/1AN5QxStxtKro-mv04i14RfEocD86hl9N",
Smartpolet,"3 кластер https://drive.google.com/drive/folders/1p67uyivydJBF9xj3cZe_hxrpnMOg1STn
1 кластер https://drive.google.com/drive/folders/1eirhVuD2-XxPtw0jOqeWC3Z57sO8V9h4",
Сияние,"24/1 литер https://drive.google.com/drive/folders/1XlG3vSXjE0N9FPWgnEZ5AOj6DZx9IL7j
18/1 литер https://drive.google.com/drive/folders/15jnJ3NOk0XH0tm6DHWMe9g3fi-Oj6d-r
15 кластер https://drive.google.com/drive/folders/1i11hc_brCYr0bKIZydTF2KlmVIrQ244b",
Движение61,"69 кластер https://drive.google.com/drive/folders/1_nS0Jfw0gI2YpaNUP9smxloTq0yB-EaR
78 кластер https://drive.google.com/drive/folders/1OHOy0_8Fv9G0rvt1bhFS-FvkVUxftRiW",
Эстет,"49 кластер https://drive.google.com/drive/folders/1R51hRO1MWfmNGNsNI43T0377DS5hmwTa
48 кластер https://drive.google.com/drive/folders/1Q8VmQ-OgxfeA9KtLyYjXEHC47KaGOKeQ
47 кластер https://drive.google.com/drive/folders/1NclS7t_yhXM1XR6Yb2ySoHyDxQ76P6A2
46 кластер https://drive.google.com/drive/folders/1ClZkCdxVAn7ausrTCzRQtBvzYgRRDumQ
45 кластер https://drive.google.com/drive/folders/1zNBA2W_wm4NGevODLvy1o-dVsznuUccU",
Дизайн проекты:,,
Левобережье,"4 литер https://disk.yandex.ru/d/C5QncIUTALrjdg
2 литер https://disk.yandex.ru/d/MPW0yxpSHmft1A",
Smartpolet,1 кластер https://disk.yandex.ru/d/mhAaSy_U2RTEcQ,
Сияние,"24/1 литер https://drive.google.com/drive/folders/1lLB6ptS08yexFXrPfczBji5BjboRYsM0
15 литер",
Движение61,"69 кластер https://drive.google.com/drive/folders/1A3a3P6GKvWaGiyNnhRyylv4WaC_p6-tW
78 кластер https://drive.google.com/drive/folders/1NOrTLJVWp2Pc4RXxfhDeFWSAPL5W5RMs",
Эстет,45/1 https://drive.google.com/drive/folders/1iOFDHW5nGQ9Oj_2XIwpdoRQg-qBHeBp4,
,45/2 https://drive.google.com/drive/folders/1JPpNdwl-2ol3ICiOO0yp44FeZ2N1ysc3,
,46/1 https://drive.google.com/drive/folders/1wmwUxZFcXrm1cSYZpPuLxcAKgd86K3S1,
,46/2 https://drive.google.com/drive/folders/1bnH6gvEIzjYHkGiLDN6365MpF5-X4xeJ,
,47/1 https://drive.google.com/drive/folders/1i4B2jnHGV_VERfak1i1F6t69ltqnPJIM,
,47/2 https://drive.google.com/drive/folders/1s_kiHPUMC7yACZAOq7aNxdj_YPZtVhIt,
,48/1 https://drive.google.com/drive/folders/1zP4vCn2eALD1F1Cq3Pi5TNDnSm_qcYRk,
,48/2 https://drive.google.com/drive/folders/1yuHReAu44w0xGo1tSUg0fcrYgEnCNhya,
,49/1 https://drive.google.com/drive/folders/1wW2UcTWgSZZLEGWV9H9CKmyygg7lbclA,
,49/2 https://drive.google.com/drive/folders/1_9iMNHICnSwW0ZB-M0SUFdeDbxwPSdTV,
Архитектурная подсветка:,,
Левобережье,2 литер https://drive.google.com/file/d/1J-yMRSgjHx_j0XTvT19gVkVmES73W40S/view,
Smartpolet,1 кластер https://drive.google.com/file/d/12fjsHGs9wZRKkbwmc8nhnBuqsFIddoEA/view,
Движение61,69 кластер https://drive.google.com/file/d/1T7u7-5gtfMx8aNTFut8wa1yhFubGZ0BG/view,
Эстет,45 кластер https://drive.google.com/file/d/129WN5hQTvnRzj2_IjGm7cnCwF5udJ5_7/view,
,48 кластер https://drive.google.com/file/d/1eo4Why9fmmfWGXkivpBBW6mgNVb3B39v/view,
,42 кластер https://drive.google.com/file/d/15gcBLnEX-hv_6U2xVaHd5Ijm8MIwOwpf/view,
Коммерция - https://disk.yandex.ru/i/TUuXs2sc9FDMmQ общий буклет,,
Планировки по всем ЖК,https://disk.yandex.ru/i/fL6IRPAI6DZbhA,
Левобережье,https://disk.yandex.ru/d/aemHN47W3y6M9A,
Smartpolet,https://disk.yandex.ru/d/80znj1PlNTzp_w,
Сияние,https://disk.yandex.ru/d/J7n8CEF58xKphg,
Квартал61,https://disk.yandex.ru/d/1Au0URpHsTbOoQ,
Персона,https://disk.yandex.ru/d/Wx_Mh5ZHLYcAEw,
Фото сданных домов,,
Левобережье,https://disk.yandex.ru/d/bvORR-vY5vuRlw,
Smartpolet,https://disk.yandex.ru/d/qnZQ2KEHq8lObg,
Сияние,https://disk.yandex.ru/d/LYqDXFJb3_i_eQ,
Движение61,https://disk.yandex.ru/d/4Xw0QPOiMU_hZg,
Эстет,https://disk.yandex.ru/d/PMDirUT1gXyByw,
"Архитектурная съёмка — ЛБ, SP, Сияние",https://disk.360.yandex.ru/d/yiMubWPcmEcI5w,
Видео сданных домов,,
Левобережье,https://disk.yandex.ru/i/yQmipcMuSeWy5w,
Smartpolet,https://disk.yandex.ru/d/Pb8NRN7lLKwIZA,
Сияние,https://disk.yandex.ru/d/1dkhFGzyluKHNg,
Движение61,https://disk.yandex.ru/d/Gi6tCuNNAXu8tQ,
Эстет,https://disk.yandex.ru/i/N9lnD776yO44kQ,
Обзорные ролики,,
Общая ссылка по всем ЖК,https://disk.yandex.ru/d/SxTu2EcvgV9bPg,
Дизайн-код по всем проектам (папка),,
Все ЖК,https://drive.google.com/drive/folders/1w1VY9Tdf4XrSXyawP9sXX8_oJCt5WUGo,
Живые фото/видео ремонт Сияние,,
Фото,Вариант 1 https://disk.yandex.ru/d/6oG-K6nfekpc0w,
,Вариант 2 https://disk.yandex.ru/d/jVdSHZj8g223eQ,
,Вариант 3 https://disk.yandex.ru/d/h-W2mfKpMBhd5Q,
,Вариант 4 https://disk.yandex.ru/d/SZArzdWsPo51cA,
,Вариант 5 https://disk.yandex.ru/d/CmnzddMunEYmig,
,Вариант 8 https://disk.yandex.ru/d/1bk0W6gbTgKyGg,
